session,variant,n_runs,accuracy_mean_pct,accuracy_sd_pct
1,E0,45,69.30399889303999,10.951878293375357
1,E1,45,69.18776809187767,10.706002991696735
1,E2,45,69.36488169364881,11.077011431460242
1,E3,45,69.558599695586,10.695168299656272
1,E4,45,68.90272588902727,11.178137530675343
1,E5,45,68.87781928877821,10.827075671058983
2,E0,45,75.93537414965988,9.428074902695158
2,E1,45,76.17913832199547,9.615910289086552
2,E2,45,76.2329931972789,9.71810637787494
2,E3,45,76.3690476190476,8.759514669840183
2,E4,45,76.26700680272107,9.334323395758132
2,E5,45,75.67460317460316,9.443029734303437
